"Date","Holiday.Name","Day"
1894-01-01,"New Years Day","Monday"
1894-01-02,"Day after New Years Day","Tuesday"
1894-03-23,"Good Friday","Friday"
1894-03-26,"Easter Monday","Monday"
1894-12-25,"Christmas Day","Tuesday"
1894-12-26,"Boxing Day","Wednesday"
1895-01-01,"New Years Day","Tuesday"
1895-01-02,"Day after New Years Day","Wednesday"
1895-04-12,"Good Friday","Friday"
1895-04-15,"Easter Monday","Monday"
1895-12-25,"Christmas Day","Wednesday"
1895-12-26,"Boxing Day","Thursday"
1896-01-01,"New Years Day","Wednesday"
1896-01-02,"Day after New Years Day","Thursday"
1896-04-03,"Good Friday","Friday"
1896-04-06,"Easter Monday","Monday"
1896-12-25,"Christmas Day","Friday"
1896-12-26,"Boxing Day","Saturday"
1896-12-28,"Boxing Day (observed)","Monday"
1897-01-01,"New Years Day","Friday"
1897-01-02,"Day after New Years Day","Saturday"
1897-01-04,"Day after New Years Day (observed)","Monday"
1897-04-16,"Good Friday","Friday"
1897-04-19,"Easter Monday","Monday"
1897-12-25,"Christmas Day","Saturday"
1897-12-26,"Boxing Day","Sunday"
1897-12-27,"Christmas Day (observed)","Monday"
1897-12-28,"Boxing Day (observed)","Tuesday"
1898-01-01,"New Years Day","Saturday"
1898-01-02,"Day after New Years Day","Sunday"
1898-01-03,"New Years Day (observed)","Monday"
1898-01-04,"Day after New Years Day (observed)","Tuesday"
1898-04-08,"Good Friday","Friday"
1898-04-11,"Easter Monday","Monday"
1898-12-25,"Christmas Day","Sunday"
1898-12-26,"Boxing Day","Monday"
1898-12-27,"Christmas Day (observed)","Tuesday"
1899-01-01,"New Years Day","Sunday"
1899-01-02,"Day after New Years Day","Monday"
1899-01-03,"New Years Day (observed)","Tuesday"
1899-03-31,"Good Friday","Friday"
1899-04-03,"Easter Monday","Monday"
1899-12-25,"Christmas Day","Monday"
1899-12-26,"Boxing Day","Tuesday"
1900-01-01,"New Years Day","Monday"
1900-01-02,"Day after New Years Day","Tuesday"
1900-04-13,"Good Friday","Friday"
1900-04-16,"Easter Monday","Monday"
1900-10-10,"Labour Day","Wednesday"
1900-12-25,"Christmas Day","Tuesday"
1900-12-26,"Boxing Day","Wednesday"
1901-01-01,"New Years Day","Tuesday"
1901-01-02,"Day after New Years Day","Wednesday"
1901-04-05,"Good Friday","Friday"
1901-04-08,"Easter Monday","Monday"
1901-10-09,"Labour Day","Wednesday"
1901-12-25,"Christmas Day","Wednesday"
1901-12-26,"Boxing Day","Thursday"
1902-01-01,"New Years Day","Wednesday"
1902-01-02,"Day after New Years Day","Thursday"
1902-03-28,"Good Friday","Friday"
1902-03-31,"Easter Monday","Monday"
1902-10-08,"Labour Day","Wednesday"
1902-11-09,"Kings Birthday","Sunday"
1902-12-25,"Christmas Day","Thursday"
1902-12-26,"Boxing Day","Friday"
1903-01-01,"New Years Day","Thursday"
1903-01-02,"Day after New Years Day","Friday"
1903-04-10,"Good Friday","Friday"
1903-04-13,"Easter Monday","Monday"
1903-10-14,"Labour Day","Wednesday"
1903-11-09,"Kings Birthday","Monday"
1903-12-25,"Christmas Day","Friday"
1903-12-26,"Boxing Day","Saturday"
1903-12-28,"Boxing Day (observed)","Monday"
1904-01-01,"New Years Day","Friday"
1904-01-02,"Day after New Years Day","Saturday"
1904-01-04,"Day after New Years Day (observed)","Monday"
1904-04-01,"Good Friday","Friday"
1904-04-04,"Easter Monday","Monday"
1904-10-12,"Labour Day","Wednesday"
1904-11-09,"Kings Birthday","Wednesday"
1904-12-25,"Christmas Day","Sunday"
1904-12-26,"Boxing Day","Monday"
1904-12-27,"Christmas Day (observed)","Tuesday"
1905-01-01,"New Years Day","Sunday"
1905-01-02,"Day after New Years Day","Monday"
1905-01-03,"New Years Day (observed)","Tuesday"
1905-04-21,"Good Friday","Friday"
1905-04-24,"Easter Monday","Monday"
1905-10-11,"Labour Day","Wednesday"
1905-11-09,"Kings Birthday","Thursday"
1905-12-25,"Christmas Day","Monday"
1905-12-26,"Boxing Day","Tuesday"
1906-01-01,"New Years Day","Monday"
1906-01-02,"Day after New Years Day","Tuesday"
1906-04-13,"Good Friday","Friday"
1906-04-16,"Easter Monday","Monday"
1906-10-10,"Labour Day","Wednesday"
1906-11-09,"Kings Birthday","Friday"
1906-12-25,"Christmas Day","Tuesday"
1906-12-26,"Boxing Day","Wednesday"
1907-01-01,"New Years Day","Tuesday"
1907-01-02,"Day after New Years Day","Wednesday"
1907-03-29,"Good Friday","Friday"
1907-04-01,"Easter Monday","Monday"
1907-10-09,"Labour Day","Wednesday"
1907-11-09,"Kings Birthday","Saturday"
1907-12-25,"Christmas Day","Wednesday"
1907-12-26,"Boxing Day","Thursday"
1908-01-01,"New Years Day","Wednesday"
1908-01-02,"Day after New Years Day","Thursday"
1908-04-17,"Good Friday","Friday"
1908-04-20,"Easter Monday","Monday"
1908-10-14,"Labour Day","Wednesday"
1908-11-09,"Kings Birthday","Monday"
1908-12-25,"Christmas Day","Friday"
1908-12-26,"Boxing Day","Saturday"
1908-12-28,"Boxing Day (observed)","Monday"
1909-01-01,"New Years Day","Friday"
1909-01-02,"Day after New Years Day","Saturday"
1909-01-04,"Day after New Years Day (observed)","Monday"
1909-04-09,"Good Friday","Friday"
1909-04-12,"Easter Monday","Monday"
1909-10-13,"Labour Day","Wednesday"
1909-11-09,"Kings Birthday","Tuesday"
1909-12-25,"Christmas Day","Saturday"
1909-12-26,"Boxing Day","Sunday"
1909-12-27,"Christmas Day (observed)","Monday"
1909-12-28,"Boxing Day (observed)","Tuesday"
1910-01-01,"New Years Day","Saturday"
1910-01-02,"Day after New Years Day","Sunday"
1910-01-03,"New Years Day (observed)","Monday"
1910-01-04,"Day after New Years Day (observed)","Tuesday"
1910-03-25,"Good Friday","Friday"
1910-03-28,"Easter Monday","Monday"
1910-10-24,"Labour Day","Monday"
1910-11-09,"Kings Birthday","Wednesday"
1910-12-25,"Christmas Day","Sunday"
1910-12-26,"Boxing Day","Monday"
1910-12-27,"Christmas Day (observed)","Tuesday"
1911-01-01,"New Years Day","Sunday"
1911-01-02,"Day after New Years Day","Monday"
1911-01-03,"New Years Day (observed)","Tuesday"
1911-04-14,"Good Friday","Friday"
1911-04-17,"Easter Monday","Monday"
1911-10-23,"Labour Day","Monday"
1911-11-09,"Kings Birthday","Thursday"
1911-12-25,"Christmas Day","Monday"
1911-12-26,"Boxing Day","Tuesday"
1912-01-01,"New Years Day","Monday"
1912-01-02,"Day after New Years Day","Tuesday"
1912-04-05,"Good Friday","Friday"
1912-04-08,"Easter Monday","Monday"
1912-06-03,"Kings Birthday","Monday"
1912-10-28,"Labour Day","Monday"
1912-12-25,"Christmas Day","Wednesday"
1912-12-26,"Boxing Day","Thursday"
1913-01-01,"New Years Day","Wednesday"
1913-01-02,"Day after New Years Day","Thursday"
1913-03-21,"Good Friday","Friday"
1913-03-24,"Easter Monday","Monday"
1913-06-03,"Kings Birthday","Tuesday"
1913-10-27,"Labour Day","Monday"
1913-12-25,"Christmas Day","Thursday"
1913-12-26,"Boxing Day","Friday"
1914-01-01,"New Years Day","Thursday"
1914-01-02,"Day after New Years Day","Friday"
1914-04-10,"Good Friday","Friday"
1914-04-13,"Easter Monday","Monday"
1914-06-03,"Kings Birthday","Wednesday"
1914-10-26,"Labour Day","Monday"
1914-12-25,"Christmas Day","Friday"
1914-12-26,"Boxing Day","Saturday"
1914-12-28,"Boxing Day (observed)","Monday"
1915-01-01,"New Years Day","Friday"
1915-01-02,"Day after New Years Day","Saturday"
1915-01-04,"Day after New Years Day (observed)","Monday"
1915-04-02,"Good Friday","Friday"
1915-04-05,"Easter Monday","Monday"
1915-06-03,"Kings Birthday","Thursday"
1915-10-25,"Labour Day","Monday"
1915-12-25,"Christmas Day","Saturday"
1915-12-26,"Boxing Day","Sunday"
1915-12-27,"Christmas Day (observed)","Monday"
1915-12-28,"Boxing Day (observed)","Tuesday"
1916-01-01,"New Years Day","Saturday"
1916-01-02,"Day after New Years Day","Sunday"
1916-01-03,"New Years Day (observed)","Monday"
1916-01-04,"Day after New Years Day (observed)","Tuesday"
1916-04-21,"Good Friday","Friday"
1916-04-24,"Easter Monday","Monday"
1916-06-03,"Kings Birthday","Saturday"
1916-10-23,"Labour Day","Monday"
1916-12-25,"Christmas Day","Monday"
1916-12-26,"Boxing Day","Tuesday"
1917-01-01,"New Years Day","Monday"
1917-01-02,"Day after New Years Day","Tuesday"
1917-04-06,"Good Friday","Friday"
1917-04-09,"Easter Monday","Monday"
1917-06-03,"Kings Birthday","Sunday"
1917-10-22,"Labour Day","Monday"
1917-12-25,"Christmas Day","Tuesday"
1917-12-26,"Boxing Day","Wednesday"
1918-01-01,"New Years Day","Tuesday"
1918-01-02,"Day after New Years Day","Wednesday"
1918-03-29,"Good Friday","Friday"
1918-04-01,"Easter Monday","Monday"
1918-06-03,"Kings Birthday","Monday"
1918-10-28,"Labour Day","Monday"
1918-12-25,"Christmas Day","Wednesday"
1918-12-26,"Boxing Day","Thursday"
1919-01-01,"New Years Day","Wednesday"
1919-01-02,"Day after New Years Day","Thursday"
1919-04-18,"Good Friday","Friday"
1919-04-21,"Easter Monday","Monday"
1919-06-03,"Kings Birthday","Tuesday"
1919-10-27,"Labour Day","Monday"
1919-12-25,"Christmas Day","Thursday"
1919-12-26,"Boxing Day","Friday"
1920-01-01,"New Years Day","Thursday"
1920-01-02,"Day after New Years Day","Friday"
1920-04-02,"Good Friday","Friday"
1920-04-05,"Easter Monday","Monday"
1920-06-03,"Kings Birthday","Thursday"
1920-10-25,"Labour Day","Monday"
1920-12-25,"Christmas Day","Saturday"
1920-12-26,"Boxing Day","Sunday"
1920-12-27,"Christmas Day (observed)","Monday"
1920-12-28,"Boxing Day (observed)","Tuesday"
1921-01-01,"New Years Day","Saturday"
1921-01-02,"Day after New Years Day","Sunday"
1921-01-03,"New Years Day (observed)","Monday"
1921-01-04,"Day after New Years Day (observed)","Tuesday"
1921-03-25,"Good Friday","Friday"
1921-03-28,"Easter Monday","Monday"
1921-04-25,"Anzac Day","Monday"
1921-06-03,"Kings Birthday","Friday"
1921-10-24,"Labour Day","Monday"
1921-12-25,"Christmas Day","Sunday"
1921-12-26,"Boxing Day","Monday"
1921-12-27,"Christmas Day (observed)","Tuesday"
1922-01-01,"New Years Day","Sunday"
1922-01-02,"Day after New Years Day","Monday"
1922-01-03,"New Years Day (observed)","Tuesday"
1922-04-14,"Good Friday","Friday"
1922-04-17,"Easter Monday","Monday"
1922-04-25,"Anzac Day","Tuesday"
1922-06-03,"Kings Birthday","Saturday"
1922-10-23,"Labour Day","Monday"
1922-12-25,"Christmas Day","Monday"
1922-12-26,"Boxing Day","Tuesday"
1923-01-01,"New Years Day","Monday"
1923-01-02,"Day after New Years Day","Tuesday"
1923-03-30,"Good Friday","Friday"
1923-04-02,"Easter Monday","Monday"
1923-04-25,"Anzac Day","Wednesday"
1923-06-03,"Kings Birthday","Sunday"
1923-10-22,"Labour Day","Monday"
1923-12-25,"Christmas Day","Tuesday"
1923-12-26,"Boxing Day","Wednesday"
1924-01-01,"New Years Day","Tuesday"
1924-01-02,"Day after New Years Day","Wednesday"
1924-04-18,"Good Friday","Friday"
1924-04-21,"Easter Monday","Monday"
1924-04-25,"Anzac Day","Friday"
1924-06-03,"Kings Birthday","Tuesday"
1924-10-27,"Labour Day","Monday"
1924-12-25,"Christmas Day","Thursday"
1924-12-26,"Boxing Day","Friday"
1925-01-01,"New Years Day","Thursday"
1925-01-02,"Day after New Years Day","Friday"
1925-04-10,"Good Friday","Friday"
1925-04-13,"Easter Monday","Monday"
1925-04-25,"Anzac Day","Saturday"
1925-06-03,"Kings Birthday","Wednesday"
1925-10-26,"Labour Day","Monday"
1925-12-25,"Christmas Day","Friday"
1925-12-26,"Boxing Day","Saturday"
1925-12-28,"Boxing Day (observed)","Monday"
1926-01-01,"New Years Day","Friday"
1926-01-02,"Day after New Years Day","Saturday"
1926-01-04,"Day after New Years Day (observed)","Monday"
1926-04-02,"Good Friday","Friday"
1926-04-05,"Easter Monday","Monday"
1926-04-25,"Anzac Day","Sunday"
1926-06-03,"Kings Birthday","Thursday"
1926-10-25,"Labour Day","Monday"
1926-12-25,"Christmas Day","Saturday"
1926-12-26,"Boxing Day","Sunday"
1926-12-27,"Christmas Day (observed)","Monday"
1926-12-28,"Boxing Day (observed)","Tuesday"
1927-01-01,"New Years Day","Saturday"
1927-01-02,"Day after New Years Day","Sunday"
1927-01-03,"New Years Day (observed)","Monday"
1927-01-04,"Day after New Years Day (observed)","Tuesday"
1927-04-15,"Good Friday","Friday"
1927-04-18,"Easter Monday","Monday"
1927-04-25,"Anzac Day","Monday"
1927-06-03,"Kings Birthday","Friday"
1927-10-24,"Labour Day","Monday"
1927-12-25,"Christmas Day","Sunday"
1927-12-26,"Boxing Day","Monday"
1927-12-27,"Christmas Day (observed)","Tuesday"
1928-01-01,"New Years Day","Sunday"
1928-01-02,"Day after New Years Day","Monday"
1928-01-03,"New Years Day (observed)","Tuesday"
1928-04-06,"Good Friday","Friday"
1928-04-09,"Easter Monday","Monday"
1928-04-25,"Anzac Day","Wednesday"
1928-06-03,"Kings Birthday","Sunday"
1928-10-22,"Labour Day","Monday"
1928-12-25,"Christmas Day","Tuesday"
1928-12-26,"Boxing Day","Wednesday"
1929-01-01,"New Years Day","Tuesday"
1929-01-02,"Day after New Years Day","Wednesday"
1929-03-29,"Good Friday","Friday"
1929-04-01,"Easter Monday","Monday"
1929-04-25,"Anzac Day","Thursday"
1929-06-03,"Kings Birthday","Monday"
1929-10-28,"Labour Day","Monday"
1929-12-25,"Christmas Day","Wednesday"
1929-12-26,"Boxing Day","Thursday"
1930-01-01,"New Years Day","Wednesday"
1930-01-02,"Day after New Years Day","Thursday"
1930-04-18,"Good Friday","Friday"
1930-04-21,"Easter Monday","Monday"
1930-04-25,"Anzac Day","Friday"
1930-06-03,"Kings Birthday","Tuesday"
1930-10-27,"Labour Day","Monday"
1930-12-25,"Christmas Day","Thursday"
1930-12-26,"Boxing Day","Friday"
1931-01-01,"New Years Day","Thursday"
1931-01-02,"Day after New Years Day","Friday"
1931-04-03,"Good Friday","Friday"
1931-04-06,"Easter Monday","Monday"
1931-04-25,"Anzac Day","Saturday"
1931-06-03,"Kings Birthday","Wednesday"
1931-10-26,"Labour Day","Monday"
1931-12-25,"Christmas Day","Friday"
1931-12-26,"Boxing Day","Saturday"
1931-12-28,"Boxing Day (observed)","Monday"
1932-01-01,"New Years Day","Friday"
1932-01-02,"Day after New Years Day","Saturday"
1932-01-04,"Day after New Years Day (observed)","Monday"
1932-03-25,"Good Friday","Friday"
1932-03-28,"Easter Monday","Monday"
1932-04-25,"Anzac Day","Monday"
1932-06-03,"Kings Birthday","Friday"
1932-10-24,"Labour Day","Monday"
1932-12-25,"Christmas Day","Sunday"
1932-12-26,"Boxing Day","Monday"
1932-12-27,"Christmas Day (observed)","Tuesday"
1933-01-01,"New Years Day","Sunday"
1933-01-02,"Day after New Years Day","Monday"
1933-01-03,"New Years Day (observed)","Tuesday"
1933-04-14,"Good Friday","Friday"
1933-04-17,"Easter Monday","Monday"
1933-04-25,"Anzac Day","Tuesday"
1933-06-03,"Kings Birthday","Saturday"
1933-10-23,"Labour Day","Monday"
1933-12-25,"Christmas Day","Monday"
1933-12-26,"Boxing Day","Tuesday"
1934-01-01,"New Years Day","Monday"
1934-01-02,"Day after New Years Day","Tuesday"
1934-03-30,"Good Friday","Friday"
1934-04-02,"Easter Monday","Monday"
1934-04-25,"Anzac Day","Wednesday"
1934-06-03,"Kings Birthday","Sunday"
1934-10-22,"Labour Day","Monday"
1934-12-25,"Christmas Day","Tuesday"
1934-12-26,"Boxing Day","Wednesday"
1935-01-01,"New Years Day","Tuesday"
1935-01-02,"Day after New Years Day","Wednesday"
1935-04-19,"Good Friday","Friday"
1935-04-22,"Easter Monday","Monday"
1935-04-25,"Anzac Day","Thursday"
1935-06-03,"Kings Birthday","Monday"
1935-10-28,"Labour Day","Monday"
1935-12-25,"Christmas Day","Wednesday"
1935-12-26,"Boxing Day","Thursday"
1936-01-01,"New Years Day","Wednesday"
1936-01-02,"Day after New Years Day","Thursday"
1936-04-10,"Good Friday","Friday"
1936-04-13,"Easter Monday","Monday"
1936-04-25,"Anzac Day","Saturday"
1936-06-23,"Kings Birthday","Tuesday"
1936-10-26,"Labour Day","Monday"
1936-12-25,"Christmas Day","Friday"
1936-12-26,"Boxing Day","Saturday"
1936-12-28,"Boxing Day (observed)","Monday"
1937-01-01,"New Years Day","Friday"
1937-01-02,"Day after New Years Day","Saturday"
1937-01-04,"Day after New Years Day (observed)","Monday"
1937-03-26,"Good Friday","Friday"
1937-03-29,"Easter Monday","Monday"
1937-04-25,"Anzac Day","Sunday"
1937-06-09,"Kings Birthday","Wednesday"
1937-10-25,"Labour Day","Monday"
1937-12-25,"Christmas Day","Saturday"
1937-12-26,"Boxing Day","Sunday"
1937-12-27,"Christmas Day (observed)","Monday"
1937-12-28,"Boxing Day (observed)","Tuesday"
1938-01-01,"New Years Day","Saturday"
1938-01-02,"Day after New Years Day","Sunday"
1938-01-03,"New Years Day (observed)","Monday"
1938-01-04,"Day after New Years Day (observed)","Tuesday"
1938-04-15,"Good Friday","Friday"
1938-04-18,"Easter Monday","Monday"
1938-04-25,"Anzac Day","Monday"
1938-06-06,"Kings Birthday","Monday"
1938-10-24,"Labour Day","Monday"
1938-12-25,"Christmas Day","Sunday"
1938-12-26,"Boxing Day","Monday"
1938-12-27,"Christmas Day (observed)","Tuesday"
1939-01-01,"New Years Day","Sunday"
1939-01-02,"Day after New Years Day","Monday"
1939-01-03,"New Years Day (observed)","Tuesday"
1939-04-07,"Good Friday","Friday"
1939-04-10,"Easter Monday","Monday"
1939-04-25,"Anzac Day","Tuesday"
1939-06-05,"Kings Birthday","Monday"
1939-10-23,"Labour Day","Monday"
1939-12-25,"Christmas Day","Monday"
1939-12-26,"Boxing Day","Tuesday"
1940-01-01,"New Years Day","Monday"
1940-01-02,"Day after New Years Day","Tuesday"
1940-03-22,"Good Friday","Friday"
1940-03-25,"Easter Monday","Monday"
1940-04-25,"Anzac Day","Thursday"
1940-06-03,"Kings Birthday","Monday"
1940-10-28,"Labour Day","Monday"
1940-12-25,"Christmas Day","Wednesday"
1940-12-26,"Boxing Day","Thursday"
1941-01-01,"New Years Day","Wednesday"
1941-01-02,"Day after New Years Day","Thursday"
1941-04-11,"Good Friday","Friday"
1941-04-14,"Easter Monday","Monday"
1941-04-25,"Anzac Day","Friday"
1941-06-02,"Kings Birthday","Monday"
1941-10-27,"Labour Day","Monday"
1941-12-25,"Christmas Day","Thursday"
1941-12-26,"Boxing Day","Friday"
1942-01-01,"New Years Day","Thursday"
1942-01-02,"Day after New Years Day","Friday"
1942-04-03,"Good Friday","Friday"
1942-04-06,"Easter Monday","Monday"
1942-04-25,"Anzac Day","Saturday"
1942-06-01,"Kings Birthday","Monday"
1942-10-26,"Labour Day","Monday"
1942-12-25,"Christmas Day","Friday"
1942-12-26,"Boxing Day","Saturday"
1942-12-28,"Boxing Day (observed)","Monday"
1943-01-01,"New Years Day","Friday"
1943-01-02,"Day after New Years Day","Saturday"
1943-01-04,"Day after New Years Day (observed)","Monday"
1943-04-23,"Good Friday","Friday"
1943-04-25,"Anzac Day","Sunday"
1943-04-26,"Easter Monday","Monday"
1943-06-07,"Kings Birthday","Monday"
1943-10-25,"Labour Day","Monday"
1943-12-25,"Christmas Day","Saturday"
1943-12-26,"Boxing Day","Sunday"
1943-12-27,"Christmas Day (observed)","Monday"
1943-12-28,"Boxing Day (observed)","Tuesday"
1944-01-01,"New Years Day","Saturday"
1944-01-02,"Day after New Years Day","Sunday"
1944-01-03,"New Years Day (observed)","Monday"
1944-01-04,"Day after New Years Day (observed)","Tuesday"
1944-04-07,"Good Friday","Friday"
1944-04-10,"Easter Monday","Monday"
1944-04-25,"Anzac Day","Tuesday"
1944-06-05,"Kings Birthday","Monday"
1944-10-23,"Labour Day","Monday"
1944-12-25,"Christmas Day","Monday"
1944-12-26,"Boxing Day","Tuesday"
1945-01-01,"New Years Day","Monday"
1945-01-02,"Day after New Years Day","Tuesday"
1945-03-30,"Good Friday","Friday"
1945-04-02,"Easter Monday","Monday"
1945-04-25,"Anzac Day","Wednesday"
1945-06-04,"Kings Birthday","Monday"
1945-10-22,"Labour Day","Monday"
1945-12-25,"Christmas Day","Tuesday"
1945-12-26,"Boxing Day","Wednesday"
1946-01-01,"New Years Day","Tuesday"
1946-01-02,"Day after New Years Day","Wednesday"
1946-04-19,"Good Friday","Friday"
1946-04-22,"Easter Monday","Monday"
1946-04-25,"Anzac Day","Thursday"
1946-06-03,"Kings Birthday","Monday"
1946-10-28,"Labour Day","Monday"
1946-12-25,"Christmas Day","Wednesday"
1946-12-26,"Boxing Day","Thursday"
1947-01-01,"New Years Day","Wednesday"
1947-01-02,"Day after New Years Day","Thursday"
1947-04-04,"Good Friday","Friday"
1947-04-07,"Easter Monday","Monday"
1947-04-25,"Anzac Day","Friday"
1947-06-02,"Kings Birthday","Monday"
1947-10-27,"Labour Day","Monday"
1947-12-25,"Christmas Day","Thursday"
1947-12-26,"Boxing Day","Friday"
1948-01-01,"New Years Day","Thursday"
1948-01-02,"Day after New Years Day","Friday"
1948-03-26,"Good Friday","Friday"
1948-03-29,"Easter Monday","Monday"
1948-04-25,"Anzac Day","Sunday"
1948-06-07,"Kings Birthday","Monday"
1948-10-25,"Labour Day","Monday"
1948-12-25,"Christmas Day","Saturday"
1948-12-26,"Boxing Day","Sunday"
1948-12-27,"Christmas Day (observed)","Monday"
1948-12-28,"Boxing Day (observed)","Tuesday"
1949-01-01,"New Years Day","Saturday"
1949-01-02,"Day after New Years Day","Sunday"
1949-01-03,"New Years Day (observed)","Monday"
1949-01-04,"Day after New Years Day (observed)","Tuesday"
1949-04-15,"Good Friday","Friday"
1949-04-18,"Easter Monday","Monday"
1949-04-25,"Anzac Day","Monday"
1949-06-06,"Kings Birthday","Monday"
1949-10-24,"Labour Day","Monday"
1949-12-25,"Christmas Day","Sunday"
1949-12-26,"Boxing Day","Monday"
1949-12-27,"Christmas Day (observed)","Tuesday"
1950-01-01,"New Years Day","Sunday"
1950-01-02,"Day after New Years Day","Monday"
1950-01-03,"New Years Day (observed)","Tuesday"
1950-04-07,"Good Friday","Friday"
1950-04-10,"Easter Monday","Monday"
1950-04-25,"Anzac Day","Tuesday"
1950-06-05,"Kings Birthday","Monday"
1950-10-23,"Labour Day","Monday"
1950-12-25,"Christmas Day","Monday"
1950-12-26,"Boxing Day","Tuesday"
1951-01-01,"New Years Day","Monday"
1951-01-02,"Day after New Years Day","Tuesday"
1951-03-23,"Good Friday","Friday"
1951-03-26,"Easter Monday","Monday"
1951-04-25,"Anzac Day","Wednesday"
1951-06-04,"Kings Birthday","Monday"
1951-10-22,"Labour Day","Monday"
1951-12-25,"Christmas Day","Tuesday"
1951-12-26,"Boxing Day","Wednesday"
1952-01-01,"New Years Day","Tuesday"
1952-01-02,"Day after New Years Day","Wednesday"
1952-04-11,"Good Friday","Friday"
1952-04-14,"Easter Monday","Monday"
1952-04-25,"Anzac Day","Friday"
1952-06-02,"Queens Birthday","Monday"
1952-10-27,"Labour Day","Monday"
1952-12-25,"Christmas Day","Thursday"
1952-12-26,"Boxing Day","Friday"
1953-01-01,"New Years Day","Thursday"
1953-01-02,"Day after New Years Day","Friday"
1953-04-03,"Good Friday","Friday"
1953-04-06,"Easter Monday","Monday"
1953-04-25,"Anzac Day","Saturday"
1953-06-01,"Queens Birthday","Monday"
1953-10-26,"Labour Day","Monday"
1953-12-25,"Christmas Day","Friday"
1953-12-26,"Boxing Day","Saturday"
1953-12-28,"Boxing Day (observed)","Monday"
1954-01-01,"New Years Day","Friday"
1954-01-02,"Day after New Years Day","Saturday"
1954-01-04,"Day after New Years Day (observed)","Monday"
1954-04-16,"Good Friday","Friday"
1954-04-19,"Easter Monday","Monday"
1954-04-25,"Anzac Day","Sunday"
1954-06-07,"Queens Birthday","Monday"
1954-10-25,"Labour Day","Monday"
1954-12-25,"Christmas Day","Saturday"
1954-12-26,"Boxing Day","Sunday"
1954-12-27,"Christmas Day (observed)","Monday"
1954-12-28,"Boxing Day (observed)","Tuesday"
1955-01-01,"New Years Day","Saturday"
1955-01-02,"Day after New Years Day","Sunday"
1955-01-03,"New Years Day (observed)","Monday"
1955-01-04,"Day after New Years Day (observed)","Tuesday"
1955-04-08,"Good Friday","Friday"
1955-04-11,"Easter Monday","Monday"
1955-04-25,"Anzac Day","Monday"
1955-06-06,"Queens Birthday","Monday"
1955-10-24,"Labour Day","Monday"
1955-12-25,"Christmas Day","Sunday"
1955-12-26,"Boxing Day","Monday"
1955-12-27,"Christmas Day (observed)","Tuesday"
1956-01-01,"New Years Day","Sunday"
1956-01-02,"Day after New Years Day","Monday"
1956-01-03,"New Years Day (observed)","Tuesday"
1956-03-30,"Good Friday","Friday"
1956-04-02,"Easter Monday","Monday"
1956-04-25,"Anzac Day","Wednesday"
1956-06-04,"Queens Birthday","Monday"
1956-10-22,"Labour Day","Monday"
1956-12-25,"Christmas Day","Tuesday"
1956-12-26,"Boxing Day","Wednesday"
1957-01-01,"New Years Day","Tuesday"
1957-01-02,"Day after New Years Day","Wednesday"
1957-04-19,"Good Friday","Friday"
1957-04-22,"Easter Monday","Monday"
1957-04-25,"Anzac Day","Thursday"
1957-06-03,"Queens Birthday","Monday"
1957-10-28,"Labour Day","Monday"
1957-12-25,"Christmas Day","Wednesday"
1957-12-26,"Boxing Day","Thursday"
1958-01-01,"New Years Day","Wednesday"
1958-01-02,"Day after New Years Day","Thursday"
1958-04-04,"Good Friday","Friday"
1958-04-07,"Easter Monday","Monday"
1958-04-25,"Anzac Day","Friday"
1958-06-02,"Queens Birthday","Monday"
1958-10-27,"Labour Day","Monday"
1958-12-25,"Christmas Day","Thursday"
1958-12-26,"Boxing Day","Friday"
1959-01-01,"New Years Day","Thursday"
1959-01-02,"Day after New Years Day","Friday"
1959-03-27,"Good Friday","Friday"
1959-03-30,"Easter Monday","Monday"
1959-04-25,"Anzac Day","Saturday"
1959-06-01,"Queens Birthday","Monday"
1959-10-26,"Labour Day","Monday"
1959-12-25,"Christmas Day","Friday"
1959-12-26,"Boxing Day","Saturday"
1959-12-28,"Boxing Day (observed)","Monday"
1960-01-01,"New Years Day","Friday"
1960-01-02,"Day after New Years Day","Saturday"
1960-01-04,"Day after New Years Day (observed)","Monday"
1960-04-15,"Good Friday","Friday"
1960-04-18,"Easter Monday","Monday"
1960-04-25,"Anzac Day","Monday"
1960-06-06,"Queens Birthday","Monday"
1960-10-24,"Labour Day","Monday"
1960-12-25,"Christmas Day","Sunday"
1960-12-26,"Boxing Day","Monday"
1960-12-27,"Christmas Day (observed)","Tuesday"
1961-01-01,"New Years Day","Sunday"
1961-01-02,"Day after New Years Day","Monday"
1961-01-03,"New Years Day (observed)","Tuesday"
1961-03-31,"Good Friday","Friday"
1961-04-03,"Easter Monday","Monday"
1961-04-25,"Anzac Day","Tuesday"
1961-06-05,"Queens Birthday","Monday"
1961-10-23,"Labour Day","Monday"
1961-12-25,"Christmas Day","Monday"
1961-12-26,"Boxing Day","Tuesday"
1962-01-01,"New Years Day","Monday"
1962-01-02,"Day after New Years Day","Tuesday"
1962-04-20,"Good Friday","Friday"
1962-04-23,"Easter Monday","Monday"
1962-04-25,"Anzac Day","Wednesday"
1962-06-04,"Queens Birthday","Monday"
1962-10-22,"Labour Day","Monday"
1962-12-25,"Christmas Day","Tuesday"
1962-12-26,"Boxing Day","Wednesday"
1963-01-01,"New Years Day","Tuesday"
1963-01-02,"Day after New Years Day","Wednesday"
1963-04-12,"Good Friday","Friday"
1963-04-15,"Easter Monday","Monday"
1963-04-25,"Anzac Day","Thursday"
1963-06-03,"Queens Birthday","Monday"
1963-10-28,"Labour Day","Monday"
1963-12-25,"Christmas Day","Wednesday"
1963-12-26,"Boxing Day","Thursday"
1964-01-01,"New Years Day","Wednesday"
1964-01-02,"Day after New Years Day","Thursday"
1964-03-27,"Good Friday","Friday"
1964-03-30,"Easter Monday","Monday"
1964-04-25,"Anzac Day","Saturday"
1964-06-01,"Queens Birthday","Monday"
1964-10-26,"Labour Day","Monday"
1964-12-25,"Christmas Day","Friday"
1964-12-26,"Boxing Day","Saturday"
1964-12-28,"Boxing Day (observed)","Monday"
1965-01-01,"New Years Day","Friday"
1965-01-02,"Day after New Years Day","Saturday"
1965-01-04,"Day after New Years Day (observed)","Monday"
1965-04-16,"Good Friday","Friday"
1965-04-19,"Easter Monday","Monday"
1965-04-25,"Anzac Day","Sunday"
1965-06-07,"Queens Birthday","Monday"
1965-10-25,"Labour Day","Monday"
1965-12-25,"Christmas Day","Saturday"
1965-12-26,"Boxing Day","Sunday"
1965-12-27,"Christmas Day (observed)","Monday"
1965-12-28,"Boxing Day (observed)","Tuesday"
1966-01-01,"New Years Day","Saturday"
1966-01-02,"Day after New Years Day","Sunday"
1966-01-03,"New Years Day (observed)","Monday"
1966-01-04,"Day after New Years Day (observed)","Tuesday"
1966-04-08,"Good Friday","Friday"
1966-04-11,"Easter Monday","Monday"
1966-04-25,"Anzac Day","Monday"
1966-06-06,"Queens Birthday","Monday"
1966-10-24,"Labour Day","Monday"
1966-12-25,"Christmas Day","Sunday"
1966-12-26,"Boxing Day","Monday"
1966-12-27,"Christmas Day (observed)","Tuesday"
1967-01-01,"New Years Day","Sunday"
1967-01-02,"Day after New Years Day","Monday"
1967-01-03,"New Years Day (observed)","Tuesday"
1967-03-24,"Good Friday","Friday"
1967-03-27,"Easter Monday","Monday"
1967-04-25,"Anzac Day","Tuesday"
1967-06-05,"Queens Birthday","Monday"
1967-10-23,"Labour Day","Monday"
1967-12-25,"Christmas Day","Monday"
1967-12-26,"Boxing Day","Tuesday"
1968-01-01,"New Years Day","Monday"
1968-01-02,"Day after New Years Day","Tuesday"
1968-04-12,"Good Friday","Friday"
1968-04-15,"Easter Monday","Monday"
1968-04-25,"Anzac Day","Thursday"
1968-06-03,"Queens Birthday","Monday"
1968-10-28,"Labour Day","Monday"
1968-12-25,"Christmas Day","Wednesday"
1968-12-26,"Boxing Day","Thursday"
1969-01-01,"New Years Day","Wednesday"
1969-01-02,"Day after New Years Day","Thursday"
1969-04-04,"Good Friday","Friday"
1969-04-07,"Easter Monday","Monday"
1969-04-25,"Anzac Day","Friday"
1969-06-02,"Queens Birthday","Monday"
1969-10-27,"Labour Day","Monday"
1969-12-25,"Christmas Day","Thursday"
1969-12-26,"Boxing Day","Friday"
1970-01-01,"New Years Day","Thursday"
1970-01-02,"Day after New Years Day","Friday"
1970-03-27,"Good Friday","Friday"
1970-03-30,"Easter Monday","Monday"
1970-04-25,"Anzac Day","Saturday"
1970-06-01,"Queens Birthday","Monday"
1970-10-26,"Labour Day","Monday"
1970-12-25,"Christmas Day","Friday"
1970-12-26,"Boxing Day","Saturday"
1970-12-28,"Boxing Day (observed)","Monday"
1971-01-01,"New Years Day","Friday"
1971-01-02,"Day after New Years Day","Saturday"
1971-01-04,"Day after New Years Day (observed)","Monday"
1971-04-09,"Good Friday","Friday"
1971-04-12,"Easter Monday","Monday"
1971-04-25,"Anzac Day","Sunday"
1971-06-07,"Queens Birthday","Monday"
1971-10-25,"Labour Day","Monday"
1971-12-25,"Christmas Day","Saturday"
1971-12-26,"Boxing Day","Sunday"
1971-12-27,"Christmas Day (observed)","Monday"
1971-12-28,"Boxing Day (observed)","Tuesday"
1972-01-01,"New Years Day","Saturday"
1972-01-02,"Day after New Years Day","Sunday"
1972-01-03,"New Years Day (observed)","Monday"
1972-01-04,"Day after New Years Day (observed)","Tuesday"
1972-03-31,"Good Friday","Friday"
1972-04-03,"Easter Monday","Monday"
1972-04-25,"Anzac Day","Tuesday"
1972-06-05,"Queens Birthday","Monday"
1972-10-23,"Labour Day","Monday"
1972-12-25,"Christmas Day","Monday"
1972-12-26,"Boxing Day","Tuesday"
1973-01-01,"New Years Day","Monday"
1973-01-02,"Day after New Years Day","Tuesday"
1973-04-20,"Good Friday","Friday"
1973-04-23,"Easter Monday","Monday"
1973-04-25,"Anzac Day","Wednesday"
1973-06-04,"Queens Birthday","Monday"
1973-10-22,"Labour Day","Monday"
1973-12-25,"Christmas Day","Tuesday"
1973-12-26,"Boxing Day","Wednesday"
1974-01-01,"New Years Day","Tuesday"
1974-01-02,"Day after New Years Day","Wednesday"
1974-02-06,"New Zealand Day","Wednesday"
1974-04-12,"Good Friday","Friday"
1974-04-15,"Easter Monday","Monday"
1974-04-25,"Anzac Day","Thursday"
1974-06-03,"Queens Birthday","Monday"
1974-10-28,"Labour Day","Monday"
1974-12-25,"Christmas Day","Wednesday"
1974-12-26,"Boxing Day","Thursday"
1975-01-01,"New Years Day","Wednesday"
1975-01-02,"Day after New Years Day","Thursday"
1975-02-06,"New Zealand Day","Thursday"
1975-03-28,"Good Friday","Friday"
1975-03-31,"Easter Monday","Monday"
1975-04-25,"Anzac Day","Friday"
1975-06-02,"Queens Birthday","Monday"
1975-10-27,"Labour Day","Monday"
1975-12-25,"Christmas Day","Thursday"
1975-12-26,"Boxing Day","Friday"
1976-01-01,"New Years Day","Thursday"
1976-01-02,"Day after New Years Day","Friday"
1976-02-06,"New Zealand Day","Friday"
1976-04-16,"Good Friday","Friday"
1976-04-19,"Easter Monday","Monday"
1976-04-25,"Anzac Day","Sunday"
1976-06-07,"Queens Birthday","Monday"
1976-10-25,"Labour Day","Monday"
1976-12-25,"Christmas Day","Saturday"
1976-12-26,"Boxing Day","Sunday"
1976-12-27,"Christmas Day (observed)","Monday"
1976-12-28,"Boxing Day (observed)","Tuesday"
1977-01-01,"New Years Day","Saturday"
1977-01-02,"Day after New Years Day","Sunday"
1977-01-03,"New Years Day (observed)","Monday"
1977-01-04,"Day after New Years Day (observed)","Tuesday"
1977-02-06,"Waitangi Day","Sunday"
1977-04-08,"Good Friday","Friday"
1977-04-11,"Easter Monday","Monday"
1977-04-25,"Anzac Day","Monday"
1977-06-06,"Queens Birthday","Monday"
1977-10-24,"Labour Day","Monday"
1977-12-25,"Christmas Day","Sunday"
1977-12-26,"Boxing Day","Monday"
1977-12-27,"Christmas Day (observed)","Tuesday"
1978-01-01,"New Years Day","Sunday"
1978-01-02,"Day after New Years Day","Monday"
1978-01-03,"New Years Day (observed)","Tuesday"
1978-02-06,"Waitangi Day","Monday"
1978-03-24,"Good Friday","Friday"
1978-03-27,"Easter Monday","Monday"
1978-04-25,"Anzac Day","Tuesday"
1978-06-05,"Queens Birthday","Monday"
1978-10-23,"Labour Day","Monday"
1978-12-25,"Christmas Day","Monday"
1978-12-26,"Boxing Day","Tuesday"
1979-01-01,"New Years Day","Monday"
1979-01-02,"Day after New Years Day","Tuesday"
1979-02-06,"Waitangi Day","Tuesday"
1979-04-13,"Good Friday","Friday"
1979-04-16,"Easter Monday","Monday"
1979-04-25,"Anzac Day","Wednesday"
1979-06-04,"Queens Birthday","Monday"
1979-10-22,"Labour Day","Monday"
1979-12-25,"Christmas Day","Tuesday"
1979-12-26,"Boxing Day","Wednesday"
1980-01-01,"New Years Day","Tuesday"
1980-01-02,"Day after New Years Day","Wednesday"
1980-02-06,"Waitangi Day","Wednesday"
1980-04-04,"Good Friday","Friday"
1980-04-07,"Easter Monday","Monday"
1980-04-25,"Anzac Day","Friday"
1980-06-02,"Queens Birthday","Monday"
1980-10-27,"Labour Day","Monday"
1980-12-25,"Christmas Day","Thursday"
1980-12-26,"Boxing Day","Friday"
1981-01-01,"New Years Day","Thursday"
1981-01-02,"Day after New Years Day","Friday"
1981-02-06,"Waitangi Day","Friday"
1981-04-17,"Good Friday","Friday"
1981-04-20,"Easter Monday","Monday"
1981-04-25,"Anzac Day","Saturday"
1981-06-01,"Queens Birthday","Monday"
1981-10-26,"Labour Day","Monday"
1981-12-25,"Christmas Day","Friday"
1981-12-26,"Boxing Day","Saturday"
1981-12-28,"Boxing Day (observed)","Monday"
1982-01-01,"New Years Day","Friday"
1982-01-02,"Day after New Years Day","Saturday"
1982-01-04,"Day after New Years Day (observed)","Monday"
1982-02-06,"Waitangi Day","Saturday"
1982-04-09,"Good Friday","Friday"
1982-04-12,"Easter Monday","Monday"
1982-04-25,"Anzac Day","Sunday"
1982-06-07,"Queens Birthday","Monday"
1982-10-25,"Labour Day","Monday"
1982-12-25,"Christmas Day","Saturday"
1982-12-26,"Boxing Day","Sunday"
1982-12-27,"Christmas Day (observed)","Monday"
1982-12-28,"Boxing Day (observed)","Tuesday"
1983-01-01,"New Years Day","Saturday"
1983-01-02,"Day after New Years Day","Sunday"
1983-01-03,"New Years Day (observed)","Monday"
1983-01-04,"Day after New Years Day (observed)","Tuesday"
1983-02-06,"Waitangi Day","Sunday"
1983-04-01,"Good Friday","Friday"
1983-04-04,"Easter Monday","Monday"
1983-04-25,"Anzac Day","Monday"
1983-06-06,"Queens Birthday","Monday"
1983-10-24,"Labour Day","Monday"
1983-12-25,"Christmas Day","Sunday"
1983-12-26,"Boxing Day","Monday"
1983-12-27,"Christmas Day (observed)","Tuesday"
1984-01-01,"New Years Day","Sunday"
1984-01-02,"Day after New Years Day","Monday"
1984-01-03,"New Years Day (observed)","Tuesday"
1984-02-06,"Waitangi Day","Monday"
1984-04-20,"Good Friday","Friday"
1984-04-23,"Easter Monday","Monday"
1984-04-25,"Anzac Day","Wednesday"
1984-06-04,"Queens Birthday","Monday"
1984-10-22,"Labour Day","Monday"
1984-12-25,"Christmas Day","Tuesday"
1984-12-26,"Boxing Day","Wednesday"
1985-01-01,"New Years Day","Tuesday"
1985-01-02,"Day after New Years Day","Wednesday"
1985-02-06,"Waitangi Day","Wednesday"
1985-04-05,"Good Friday","Friday"
1985-04-08,"Easter Monday","Monday"
1985-04-25,"Anzac Day","Thursday"
1985-06-03,"Queens Birthday","Monday"
1985-10-28,"Labour Day","Monday"
1985-12-25,"Christmas Day","Wednesday"
1985-12-26,"Boxing Day","Thursday"
1986-01-01,"New Years Day","Wednesday"
1986-01-02,"Day after New Years Day","Thursday"
1986-02-06,"Waitangi Day","Thursday"
1986-03-28,"Good Friday","Friday"
1986-03-31,"Easter Monday","Monday"
1986-04-25,"Anzac Day","Friday"
1986-06-02,"Queens Birthday","Monday"
1986-10-27,"Labour Day","Monday"
1986-12-25,"Christmas Day","Thursday"
1986-12-26,"Boxing Day","Friday"
1987-01-01,"New Years Day","Thursday"
1987-01-02,"Day after New Years Day","Friday"
1987-02-06,"Waitangi Day","Friday"
1987-04-17,"Good Friday","Friday"
1987-04-20,"Easter Monday","Monday"
1987-04-25,"Anzac Day","Saturday"
1987-06-01,"Queens Birthday","Monday"
1987-10-26,"Labour Day","Monday"
1987-12-25,"Christmas Day","Friday"
1987-12-26,"Boxing Day","Saturday"
1987-12-28,"Boxing Day (observed)","Monday"
1988-01-01,"New Years Day","Friday"
1988-01-02,"Day after New Years Day","Saturday"
1988-01-04,"Day after New Years Day (observed)","Monday"
1988-02-06,"Waitangi Day","Saturday"
1988-04-01,"Good Friday","Friday"
1988-04-04,"Easter Monday","Monday"
1988-04-25,"Anzac Day","Monday"
1988-06-06,"Queens Birthday","Monday"
1988-10-24,"Labour Day","Monday"
1988-12-25,"Christmas Day","Sunday"
1988-12-26,"Boxing Day","Monday"
1988-12-27,"Christmas Day (observed)","Tuesday"
1989-01-01,"New Years Day","Sunday"
1989-01-02,"Day after New Years Day","Monday"
1989-01-03,"New Years Day (observed)","Tuesday"
1989-02-06,"Waitangi Day","Monday"
1989-03-24,"Good Friday","Friday"
1989-03-27,"Easter Monday","Monday"
1989-04-25,"Anzac Day","Tuesday"
1989-06-05,"Queens Birthday","Monday"
1989-10-23,"Labour Day","Monday"
1989-12-25,"Christmas Day","Monday"
1989-12-26,"Boxing Day","Tuesday"
1990-01-01,"New Years Day","Monday"
1990-01-02,"Day after New Years Day","Tuesday"
1990-02-06,"Waitangi Day","Tuesday"
1990-04-13,"Good Friday","Friday"
1990-04-16,"Easter Monday","Monday"
1990-04-25,"Anzac Day","Wednesday"
1990-06-04,"Queens Birthday","Monday"
1990-10-22,"Labour Day","Monday"
1990-12-25,"Christmas Day","Tuesday"
1990-12-26,"Boxing Day","Wednesday"
1991-01-01,"New Years Day","Tuesday"
1991-01-02,"Day after New Years Day","Wednesday"
1991-02-06,"Waitangi Day","Wednesday"
1991-03-29,"Good Friday","Friday"
1991-04-01,"Easter Monday","Monday"
1991-04-25,"Anzac Day","Thursday"
1991-06-03,"Queens Birthday","Monday"
1991-10-28,"Labour Day","Monday"
1991-12-25,"Christmas Day","Wednesday"
1991-12-26,"Boxing Day","Thursday"
1992-01-01,"New Years Day","Wednesday"
1992-01-02,"Day after New Years Day","Thursday"
1992-02-06,"Waitangi Day","Thursday"
1992-04-17,"Good Friday","Friday"
1992-04-20,"Easter Monday","Monday"
1992-04-25,"Anzac Day","Saturday"
1992-06-01,"Queens Birthday","Monday"
1992-10-26,"Labour Day","Monday"
1992-12-25,"Christmas Day","Friday"
1992-12-26,"Boxing Day","Saturday"
1992-12-28,"Boxing Day (observed)","Monday"
1993-01-01,"New Years Day","Friday"
1993-01-02,"Day after New Years Day","Saturday"
1993-01-04,"Day after New Years Day (observed)","Monday"
1993-02-06,"Waitangi Day","Saturday"
1993-04-09,"Good Friday","Friday"
1993-04-12,"Easter Monday","Monday"
1993-04-25,"Anzac Day","Sunday"
1993-06-07,"Queens Birthday","Monday"
1993-10-25,"Labour Day","Monday"
1993-12-25,"Christmas Day","Saturday"
1993-12-26,"Boxing Day","Sunday"
1993-12-27,"Christmas Day (observed)","Monday"
1993-12-28,"Boxing Day (observed)","Tuesday"
1994-01-01,"New Years Day","Saturday"
1994-01-02,"Day after New Years Day","Sunday"
1994-01-03,"New Years Day (observed)","Monday"
1994-01-04,"Day after New Years Day (observed)","Tuesday"
1994-02-06,"Waitangi Day","Sunday"
1994-04-01,"Good Friday","Friday"
1994-04-04,"Easter Monday","Monday"
1994-04-25,"Anzac Day","Monday"
1994-06-06,"Queens Birthday","Monday"
1994-10-24,"Labour Day","Monday"
1994-12-25,"Christmas Day","Sunday"
1994-12-26,"Boxing Day","Monday"
1994-12-27,"Christmas Day (observed)","Tuesday"
1995-01-01,"New Years Day","Sunday"
1995-01-02,"Day after New Years Day","Monday"
1995-01-03,"New Years Day (observed)","Tuesday"
1995-02-06,"Waitangi Day","Monday"
1995-04-14,"Good Friday","Friday"
1995-04-17,"Easter Monday","Monday"
1995-04-25,"Anzac Day","Tuesday"
1995-06-05,"Queens Birthday","Monday"
1995-10-23,"Labour Day","Monday"
1995-12-25,"Christmas Day","Monday"
1995-12-26,"Boxing Day","Tuesday"
1996-01-01,"New Years Day","Monday"
1996-01-02,"Day after New Years Day","Tuesday"
1996-02-06,"Waitangi Day","Tuesday"
1996-04-05,"Good Friday","Friday"
1996-04-08,"Easter Monday","Monday"
1996-04-25,"Anzac Day","Thursday"
1996-06-03,"Queens Birthday","Monday"
1996-10-28,"Labour Day","Monday"
1996-12-25,"Christmas Day","Wednesday"
1996-12-26,"Boxing Day","Thursday"
1997-01-01,"New Years Day","Wednesday"
1997-01-02,"Day after New Years Day","Thursday"
1997-02-06,"Waitangi Day","Thursday"
1997-03-28,"Good Friday","Friday"
1997-03-31,"Easter Monday","Monday"
1997-04-25,"Anzac Day","Friday"
1997-06-02,"Queens Birthday","Monday"
1997-10-27,"Labour Day","Monday"
1997-12-25,"Christmas Day","Thursday"
1997-12-26,"Boxing Day","Friday"
1998-01-01,"New Years Day","Thursday"
1998-01-02,"Day after New Years Day","Friday"
1998-02-06,"Waitangi Day","Friday"
1998-04-10,"Good Friday","Friday"
1998-04-13,"Easter Monday","Monday"
1998-04-25,"Anzac Day","Saturday"
1998-06-01,"Queens Birthday","Monday"
1998-10-26,"Labour Day","Monday"
1998-12-25,"Christmas Day","Friday"
1998-12-26,"Boxing Day","Saturday"
1998-12-28,"Boxing Day (observed)","Monday"
1999-01-01,"New Years Day","Friday"
1999-01-02,"Day after New Years Day","Saturday"
1999-01-04,"Day after New Years Day (observed)","Monday"
1999-02-06,"Waitangi Day","Saturday"
1999-04-02,"Good Friday","Friday"
1999-04-05,"Easter Monday","Monday"
1999-04-25,"Anzac Day","Sunday"
1999-06-07,"Queens Birthday","Monday"
1999-10-25,"Labour Day","Monday"
1999-12-25,"Christmas Day","Saturday"
1999-12-26,"Boxing Day","Sunday"
1999-12-27,"Christmas Day (observed)","Monday"
1999-12-28,"Boxing Day (observed)","Tuesday"
2000-01-01,"New Years Day","Saturday"
2000-01-02,"Day after New Years Day","Sunday"
2000-01-03,"New Years Day (observed)","Monday"
2000-01-04,"Day after New Years Day (observed)","Tuesday"
2000-02-06,"Waitangi Day","Sunday"
2000-04-21,"Good Friday","Friday"
2000-04-24,"Easter Monday","Monday"
2000-04-25,"Anzac Day","Tuesday"
2000-06-05,"Queens Birthday","Monday"
2000-10-23,"Labour Day","Monday"
2000-12-25,"Christmas Day","Monday"
2000-12-26,"Boxing Day","Tuesday"
2001-01-01,"New Years Day","Monday"
2001-01-02,"Day after New Years Day","Tuesday"
2001-02-06,"Waitangi Day","Tuesday"
2001-04-13,"Good Friday","Friday"
2001-04-16,"Easter Monday","Monday"
2001-04-25,"Anzac Day","Wednesday"
2001-06-04,"Queens Birthday","Monday"
2001-10-22,"Labour Day","Monday"
2001-12-25,"Christmas Day","Tuesday"
2001-12-26,"Boxing Day","Wednesday"
2002-01-01,"New Years Day","Tuesday"
2002-01-02,"Day after New Years Day","Wednesday"
2002-02-06,"Waitangi Day","Wednesday"
2002-03-29,"Good Friday","Friday"
2002-04-01,"Easter Monday","Monday"
2002-04-25,"Anzac Day","Thursday"
2002-06-03,"Queens Birthday","Monday"
2002-10-28,"Labour Day","Monday"
2002-12-25,"Christmas Day","Wednesday"
2002-12-26,"Boxing Day","Thursday"
2003-01-01,"New Years Day","Wednesday"
2003-01-02,"Day after New Years Day","Thursday"
2003-02-06,"Waitangi Day","Thursday"
2003-04-18,"Good Friday","Friday"
2003-04-21,"Easter Monday","Monday"
2003-04-25,"Anzac Day","Friday"
2003-06-02,"Queens Birthday","Monday"
2003-10-27,"Labour Day","Monday"
2003-12-25,"Christmas Day","Thursday"
2003-12-26,"Boxing Day","Friday"
2004-01-01,"New Years Day","Thursday"
2004-01-02,"Day after New Years Day","Friday"
2004-02-06,"Waitangi Day","Friday"
2004-04-09,"Good Friday","Friday"
2004-04-12,"Easter Monday","Monday"
2004-04-25,"Anzac Day","Sunday"
2004-06-07,"Queens Birthday","Monday"
2004-10-25,"Labour Day","Monday"
2004-12-25,"Christmas Day","Saturday"
2004-12-26,"Boxing Day","Sunday"
2004-12-27,"Christmas Day (observed)","Monday"
2004-12-28,"Boxing Day (observed)","Tuesday"
2005-01-01,"New Years Day","Saturday"
2005-01-02,"Day after New Years Day","Sunday"
2005-01-03,"New Years Day (observed)","Monday"
2005-01-04,"Day after New Years Day (observed)","Tuesday"
2005-02-06,"Waitangi Day","Sunday"
2005-03-25,"Good Friday","Friday"
2005-03-28,"Easter Monday","Monday"
2005-04-25,"Anzac Day","Monday"
2005-06-06,"Queens Birthday","Monday"
2005-10-24,"Labour Day","Monday"
2005-12-25,"Christmas Day","Sunday"
2005-12-26,"Boxing Day","Monday"
2005-12-27,"Christmas Day (observed)","Tuesday"
2006-01-01,"New Years Day","Sunday"
2006-01-02,"Day after New Years Day","Monday"
2006-01-03,"New Years Day (observed)","Tuesday"
2006-02-06,"Waitangi Day","Monday"
2006-04-14,"Good Friday","Friday"
2006-04-17,"Easter Monday","Monday"
2006-04-25,"Anzac Day","Tuesday"
2006-06-05,"Queens Birthday","Monday"
2006-10-23,"Labour Day","Monday"
2006-12-25,"Christmas Day","Monday"
2006-12-26,"Boxing Day","Tuesday"
2007-01-01,"New Years Day","Monday"
2007-01-02,"Day after New Years Day","Tuesday"
2007-02-06,"Waitangi Day","Tuesday"
2007-04-06,"Good Friday","Friday"
2007-04-09,"Easter Monday","Monday"
2007-04-25,"Anzac Day","Wednesday"
2007-06-04,"Queens Birthday","Monday"
2007-10-22,"Labour Day","Monday"
2007-12-25,"Christmas Day","Tuesday"
2007-12-26,"Boxing Day","Wednesday"
2008-01-01,"New Years Day","Tuesday"
2008-01-02,"Day after New Years Day","Wednesday"
2008-02-06,"Waitangi Day","Wednesday"
2008-03-21,"Good Friday","Friday"
2008-03-24,"Easter Monday","Monday"
2008-04-25,"Anzac Day","Friday"
2008-06-02,"Queens Birthday","Monday"
2008-10-27,"Labour Day","Monday"
2008-12-25,"Christmas Day","Thursday"
2008-12-26,"Boxing Day","Friday"
2009-01-01,"New Years Day","Thursday"
2009-01-02,"Day after New Years Day","Friday"
2009-02-06,"Waitangi Day","Friday"
2009-04-10,"Good Friday","Friday"
2009-04-13,"Easter Monday","Monday"
2009-04-25,"Anzac Day","Saturday"
2009-06-01,"Queens Birthday","Monday"
2009-10-26,"Labour Day","Monday"
2009-12-25,"Christmas Day","Friday"
2009-12-26,"Boxing Day","Saturday"
2009-12-28,"Boxing Day (observed)","Monday"
2010-01-01,"New Years Day","Friday"
2010-01-02,"Day after New Years Day","Saturday"
2010-01-04,"Day after New Years Day (observed)","Monday"
2010-02-06,"Waitangi Day","Saturday"
2010-04-02,"Good Friday","Friday"
2010-04-05,"Easter Monday","Monday"
2010-04-25,"Anzac Day","Sunday"
2010-06-07,"Queens Birthday","Monday"
2010-10-25,"Labour Day","Monday"
2010-12-25,"Christmas Day","Saturday"
2010-12-26,"Boxing Day","Sunday"
2010-12-27,"Christmas Day (observed)","Monday"
2010-12-28,"Boxing Day (observed)","Tuesday"
2011-01-01,"New Years Day","Saturday"
2011-01-02,"Day after New Years Day","Sunday"
2011-01-03,"New Years Day (observed)","Monday"
2011-01-04,"Day after New Years Day (observed)","Tuesday"
2011-02-06,"Waitangi Day","Sunday"
2011-04-22,"Good Friday","Friday"
2011-04-25,"Anzac Day; Easter Monday","Monday"
2011-06-06,"Queens Birthday","Monday"
2011-10-24,"Labour Day","Monday"
2011-12-25,"Christmas Day","Sunday"
2011-12-26,"Boxing Day","Monday"
2011-12-27,"Christmas Day (observed)","Tuesday"
2012-01-01,"New Years Day","Sunday"
2012-01-02,"Day after New Years Day","Monday"
2012-01-03,"New Years Day (observed)","Tuesday"
2012-02-06,"Waitangi Day","Monday"
2012-04-06,"Good Friday","Friday"
2012-04-09,"Easter Monday","Monday"
2012-04-25,"Anzac Day","Wednesday"
2012-06-04,"Queens Birthday","Monday"
2012-10-22,"Labour Day","Monday"
2012-12-25,"Christmas Day","Tuesday"
2012-12-26,"Boxing Day","Wednesday"
2013-01-01,"New Years Day","Tuesday"
2013-01-02,"Day after New Years Day","Wednesday"
2013-02-06,"Waitangi Day","Wednesday"
2013-03-29,"Good Friday","Friday"
2013-04-01,"Easter Monday","Monday"
2013-04-25,"Anzac Day","Thursday"
2013-06-03,"Queens Birthday","Monday"
2013-10-28,"Labour Day","Monday"
2013-12-25,"Christmas Day","Wednesday"
2013-12-26,"Boxing Day","Thursday"
2014-01-01,"New Years Day","Wednesday"
2014-01-02,"Day after New Years Day","Thursday"
2014-02-06,"Waitangi Day","Thursday"
2014-04-18,"Good Friday","Friday"
2014-04-21,"Easter Monday","Monday"
2014-04-25,"Anzac Day","Friday"
2014-06-02,"Queens Birthday","Monday"
2014-10-27,"Labour Day","Monday"
2014-12-25,"Christmas Day","Thursday"
2014-12-26,"Boxing Day","Friday"
2015-01-01,"New Years Day","Thursday"
2015-01-02,"Day after New Years Day","Friday"
2015-02-06,"Waitangi Day","Friday"
2015-04-03,"Good Friday","Friday"
2015-04-06,"Easter Monday","Monday"
2015-04-25,"Anzac Day","Saturday"
2015-04-27,"Anzac Day (observed)","Monday"
2015-06-01,"Queens Birthday","Monday"
2015-10-26,"Labour Day","Monday"
2015-12-25,"Christmas Day","Friday"
2015-12-26,"Boxing Day","Saturday"
2015-12-28,"Boxing Day (observed)","Monday"
2016-01-01,"New Years Day","Friday"
2016-01-02,"Day after New Years Day","Saturday"
2016-01-04,"Day after New Years Day (observed)","Monday"
2016-02-06,"Waitangi Day","Saturday"
2016-02-08,"Waitangi Day (observed)","Monday"
2016-03-25,"Good Friday","Friday"
2016-03-28,"Easter Monday","Monday"
2016-04-25,"Anzac Day","Monday"
2016-06-06,"Queens Birthday","Monday"
2016-10-24,"Labour Day","Monday"
2016-12-25,"Christmas Day","Sunday"
2016-12-26,"Boxing Day","Monday"
2016-12-27,"Christmas Day (observed)","Tuesday"
2017-01-01,"New Years Day","Sunday"
2017-01-02,"Day after New Years Day","Monday"
2017-01-03,"New Years Day (observed)","Tuesday"
2017-02-06,"Waitangi Day","Monday"
2017-04-14,"Good Friday","Friday"
2017-04-17,"Easter Monday","Monday"
2017-04-25,"Anzac Day","Tuesday"
2017-06-05,"Queens Birthday","Monday"
2017-10-23,"Labour Day","Monday"
2017-12-25,"Christmas Day","Monday"
2017-12-26,"Boxing Day","Tuesday"
2018-01-01,"New Years Day","Monday"
2018-01-02,"Day after New Years Day","Tuesday"
2018-02-06,"Waitangi Day","Tuesday"
2018-03-30,"Good Friday","Friday"
2018-04-02,"Easter Monday","Monday"
2018-04-25,"Anzac Day","Wednesday"
2018-06-04,"Queens Birthday","Monday"
2018-10-22,"Labour Day","Monday"
2018-12-25,"Christmas Day","Tuesday"
2018-12-26,"Boxing Day","Wednesday"
2019-01-01,"New Years Day","Tuesday"
2019-01-02,"Day after New Years Day","Wednesday"
2019-02-06,"Waitangi Day","Wednesday"
2019-04-19,"Good Friday","Friday"
2019-04-22,"Easter Monday","Monday"
2019-04-25,"Anzac Day","Thursday"
2019-06-03,"Queens Birthday","Monday"
2019-10-28,"Labour Day","Monday"
2019-12-25,"Christmas Day","Wednesday"
2019-12-26,"Boxing Day","Thursday"
2020-01-01,"New Years Day","Wednesday"
2020-01-02,"Day after New Years Day","Thursday"
2020-02-06,"Waitangi Day","Thursday"
2020-04-10,"Good Friday","Friday"
2020-04-13,"Easter Monday","Monday"
2020-04-25,"Anzac Day","Saturday"
2020-04-27,"Anzac Day (observed)","Monday"
2020-06-01,"Queens Birthday","Monday"
2020-10-26,"Labour Day","Monday"
2020-12-25,"Christmas Day","Friday"
2020-12-26,"Boxing Day","Saturday"
2020-12-28,"Boxing Day (observed)","Monday"
2021-01-01,"New Years Day","Friday"
2021-01-02,"Day after New Years Day","Saturday"
2021-01-04,"Day after New Years Day (observed)","Monday"
2021-02-06,"Waitangi Day","Saturday"
2021-02-08,"Waitangi Day (observed)","Monday"
2021-04-02,"Good Friday","Friday"
2021-04-05,"Easter Monday","Monday"
2021-04-25,"Anzac Day","Sunday"
2021-04-26,"Anzac Day (observed)","Monday"
2021-06-07,"Queens Birthday","Monday"
2021-10-25,"Labour Day","Monday"
2021-12-25,"Christmas Day","Saturday"
2021-12-26,"Boxing Day","Sunday"
2021-12-27,"Christmas Day (observed)","Monday"
2021-12-28,"Boxing Day (observed)","Tuesday"
2022-01-01,"New Years Day","Saturday"
2022-01-02,"Day after New Years Day","Sunday"
2022-01-03,"New Years Day (observed)","Monday"
2022-01-04,"Day after New Years Day (observed)","Tuesday"
2022-02-06,"Waitangi Day","Sunday"
2022-02-07,"Waitangi Day (observed)","Monday"
2022-04-15,"Good Friday","Friday"
2022-04-18,"Easter Monday","Monday"
2022-04-25,"Anzac Day","Monday"
2022-06-06,"Queens Birthday","Monday"
2022-06-24,"Matariki","Friday"
2022-09-26,"Queen Elizabeth II Memorial Day","Monday"
2022-10-24,"Labour Day","Monday"
2022-12-25,"Christmas Day","Sunday"
2022-12-26,"Boxing Day","Monday"
2022-12-27,"Christmas Day (observed)","Tuesday"
2023-01-01,"New Years Day","Sunday"
2023-01-02,"Day after New Years Day","Monday"
2023-01-03,"New Years Day (observed)","Tuesday"
2023-02-06,"Waitangi Day","Monday"
2023-04-07,"Good Friday","Friday"
2023-04-10,"Easter Monday","Monday"
2023-04-25,"Anzac Day","Tuesday"
2023-06-05,"Kings Birthday","Monday"
2023-07-14,"Matariki","Friday"
2023-10-23,"Labour Day","Monday"
2023-12-25,"Christmas Day","Monday"
2023-12-26,"Boxing Day","Tuesday"
2024-01-01,"New Years Day","Monday"
2024-01-02,"Day after New Years Day","Tuesday"
2024-02-06,"Waitangi Day","Tuesday"
2024-03-29,"Good Friday","Friday"
2024-04-01,"Easter Monday","Monday"
2024-04-25,"Anzac Day","Thursday"
2024-06-03,"Kings Birthday","Monday"
2024-06-28,"Matariki","Friday"
2024-10-28,"Labour Day","Monday"
2024-12-25,"Christmas Day","Wednesday"
2024-12-26,"Boxing Day","Thursday"
2025-01-01,"New Years Day","Wednesday"
2025-01-02,"Day after New Years Day","Thursday"
2025-02-06,"Waitangi Day","Thursday"
2025-04-18,"Good Friday","Friday"
2025-04-21,"Easter Monday","Monday"
2025-04-25,"Anzac Day","Friday"
2025-06-02,"Kings Birthday","Monday"
2025-06-20,"Matariki","Friday"
2025-10-27,"Labour Day","Monday"
2025-12-25,"Christmas Day","Thursday"
2025-12-26,"Boxing Day","Friday"
2026-01-01,"New Years Day","Thursday"
2026-01-02,"Day after New Years Day","Friday"
2026-02-06,"Waitangi Day","Friday"
2026-04-03,"Good Friday","Friday"
2026-04-06,"Easter Monday","Monday"
2026-04-25,"Anzac Day","Saturday"
2026-04-27,"Anzac Day (observed)","Monday"
2026-06-01,"Kings Birthday","Monday"
2026-07-10,"Matariki","Friday"
2026-10-26,"Labour Day","Monday"
2026-12-25,"Christmas Day","Friday"
2026-12-26,"Boxing Day","Saturday"
2026-12-28,"Boxing Day (observed)","Monday"
